code,description,coding_system,concept_id,concept_version_id,concept_name,phenotype_id,phenotype_version_id,phenotype_name,code_attributes
1282,fh: alcoholism,Read codes v2,C1803,4744,Clinically Significant Alcohol Misuse - Primary Care,PH444,888,Clinically Significant Alcohol Misuse,"[{""Entity type"": ""res32: Clinically Significant Alcohol Misuse"", ""Category"": ""diagnostic"", ""Coding System (Read)"": ""Read""}]"
1366,Very heavy drinker - >9u/day,Read codes v2,C1803,4744,Clinically Significant Alcohol Misuse - Primary Care,PH444,888,Clinically Significant Alcohol Misuse,"[{""Entity type"": ""res32: Clinically Significant Alcohol Misuse"", ""Category"": ""diagnostic"", ""Coding System (Read)"": ""Read""}]"
136Q.00,Very heavy drinker,Read codes v2,C1803,4744,Clinically Significant Alcohol Misuse - Primary Care,PH444,888,Clinically Significant Alcohol Misuse,"[{""Entity type"": ""res32: Clinically Significant Alcohol Misuse"", ""Category"": ""diagnostic"", ""Coding System (Read)"": ""Read""}]"
136T.00,harmful alcohol use,Read codes v2,C1803,4744,Clinically Significant Alcohol Misuse - Primary Care,PH444,888,Clinically Significant Alcohol Misuse,"[{""Entity type"": ""res32: Clinically Significant Alcohol Misuse"", ""Category"": ""diagnostic"", ""Coding System (Read)"": ""Read""}]"
1462,h/o: alcoholism,Read codes v2,C1803,4744,Clinically Significant Alcohol Misuse - Primary Care,PH444,888,Clinically Significant Alcohol Misuse,"[{""Entity type"": ""res32: Clinically Significant Alcohol Misuse"", ""Category"": ""diagnostic"", ""Coding System (Read)"": ""Read""}]"
1B1c.00,alcohol induced hallucinations,Read codes v2,C1803,4744,Clinically Significant Alcohol Misuse - Primary Care,PH444,888,Clinically Significant Alcohol Misuse,"[{""Entity type"": ""res32: Clinically Significant Alcohol Misuse"", ""Category"": ""diagnostic"", ""Coding System (Read)"": ""Read""}]"
66e0.00,alcohol abuse monitoring,Read codes v2,C1803,4744,Clinically Significant Alcohol Misuse - Primary Care,PH444,888,Clinically Significant Alcohol Misuse,"[{""Entity type"": ""res32: Clinically Significant Alcohol Misuse"", ""Category"": ""diagnostic"", ""Coding System (Read)"": ""Read""}]"
7P22100,delivery of rehabilitation for alcohol addiction,Read codes v2,C1803,4744,Clinically Significant Alcohol Misuse - Primary Care,PH444,888,Clinically Significant Alcohol Misuse,"[{""Entity type"": ""res32: Clinically Significant Alcohol Misuse"", ""Category"": ""diagnostic"", ""Coding System (Read)"": ""Read""}]"
8BA8.00,alcohol detoxification,Read codes v2,C1803,4744,Clinically Significant Alcohol Misuse - Primary Care,PH444,888,Clinically Significant Alcohol Misuse,"[{""Entity type"": ""res32: Clinically Significant Alcohol Misuse"", ""Category"": ""diagnostic"", ""Coding System (Read)"": ""Read""}]"
8CAv.00,advised to contact primary care alcohol worker,Read codes v2,C1803,4744,Clinically Significant Alcohol Misuse - Primary Care,PH444,888,Clinically Significant Alcohol Misuse,"[{""Entity type"": ""res32: Clinically Significant Alcohol Misuse"", ""Category"": ""diagnostic"", ""Coding System (Read)"": ""Read""}]"
8G32.00,aversion therapy - alcoholism,Read codes v2,C1803,4744,Clinically Significant Alcohol Misuse - Primary Care,PH444,888,Clinically Significant Alcohol Misuse,"[{""Entity type"": ""res32: Clinically Significant Alcohol Misuse"", ""Category"": ""diagnostic"", ""Coding System (Read)"": ""Read""}]"
8H35.00,admitted to alcohol detoxification centre,Read codes v2,C1803,4744,Clinically Significant Alcohol Misuse - Primary Care,PH444,888,Clinically Significant Alcohol Misuse,"[{""Entity type"": ""res32: Clinically Significant Alcohol Misuse"", ""Category"": ""diagnostic"", ""Coding System (Read)"": ""Read""}]"
8HkG.00,referral to specialist alcohol treatment service,Read codes v2,C1803,4744,Clinically Significant Alcohol Misuse - Primary Care,PH444,888,Clinically Significant Alcohol Misuse,"[{""Entity type"": ""res32: Clinically Significant Alcohol Misuse"", ""Category"": ""diagnostic"", ""Coding System (Read)"": ""Read""}]"
8IAF.00,brief intervention for excessive alcohol consumptn declined,Read codes v2,C1803,4744,Clinically Significant Alcohol Misuse - Primary Care,PH444,888,Clinically Significant Alcohol Misuse,"[{""Entity type"": ""res32: Clinically Significant Alcohol Misuse"", ""Category"": ""diagnostic"", ""Coding System (Read)"": ""Read""}]"
8IAJ.00,declined referral to specialist alcohol treatment service,Read codes v2,C1803,4744,Clinically Significant Alcohol Misuse - Primary Care,PH444,888,Clinically Significant Alcohol Misuse,"[{""Entity type"": ""res32: Clinically Significant Alcohol Misuse"", ""Category"": ""diagnostic"", ""Coding System (Read)"": ""Read""}]"
8IAt.00,extended interven for excessive alcohol consumption declined,Read codes v2,C1803,4744,Clinically Significant Alcohol Misuse - Primary Care,PH444,888,Clinically Significant Alcohol Misuse,"[{""Entity type"": ""res32: Clinically Significant Alcohol Misuse"", ""Category"": ""diagnostic"", ""Coding System (Read)"": ""Read""}]"
9k1B.00,extended intervention for excessive alcohol consumptn complt,Read codes v2,C1803,4744,Clinically Significant Alcohol Misuse - Primary Care,PH444,888,Clinically Significant Alcohol Misuse,"[{""Entity type"": ""res32: Clinically Significant Alcohol Misuse"", ""Category"": ""diagnostic"", ""Coding System (Read)"": ""Read""}]"
9NN2.00,under care of community alcohol team,Read codes v2,C1803,4744,Clinically Significant Alcohol Misuse - Primary Care,PH444,888,Clinically Significant Alcohol Misuse,"[{""Entity type"": ""res32: Clinically Significant Alcohol Misuse"", ""Category"": ""diagnostic"", ""Coding System (Read)"": ""Read""}]"
C150500,alcohol-induced pseudo-cushing's syndrome,Read codes v2,C1803,4744,Clinically Significant Alcohol Misuse - Primary Care,PH444,888,Clinically Significant Alcohol Misuse,"[{""Entity type"": ""res32: Clinically Significant Alcohol Misuse"", ""Category"": ""diagnostic"", ""Coding System (Read)"": ""Read""}]"
E01..00,alcoholic psychoses,Read codes v2,C1803,4744,Clinically Significant Alcohol Misuse - Primary Care,PH444,888,Clinically Significant Alcohol Misuse,"[{""Entity type"": ""res32: Clinically Significant Alcohol Misuse"", ""Category"": ""diagnostic"", ""Coding System (Read)"": ""Read""}]"
E010.00,alcohol withdrawal delirium,Read codes v2,C1803,4744,Clinically Significant Alcohol Misuse - Primary Care,PH444,888,Clinically Significant Alcohol Misuse,"[{""Entity type"": ""res32: Clinically Significant Alcohol Misuse"", ""Category"": ""diagnostic"", ""Coding System (Read)"": ""Read""}]"
E011000,korsakov's alcoholic psychosis,Read codes v2,C1803,4744,Clinically Significant Alcohol Misuse - Primary Care,PH444,888,Clinically Significant Alcohol Misuse,"[{""Entity type"": ""res32: Clinically Significant Alcohol Misuse"", ""Category"": ""diagnostic"", ""Coding System (Read)"": ""Read""}]"
E011100,korsakov's alcoholic psychosis with peripheral neuritis,Read codes v2,C1803,4744,Clinically Significant Alcohol Misuse - Primary Care,PH444,888,Clinically Significant Alcohol Misuse,"[{""Entity type"": ""res32: Clinically Significant Alcohol Misuse"", ""Category"": ""diagnostic"", ""Coding System (Read)"": ""Read""}]"
E011200,Wernicke-Korsakov syndrome,Read codes v2,C1803,4744,Clinically Significant Alcohol Misuse - Primary Care,PH444,888,Clinically Significant Alcohol Misuse,"[{""Entity type"": ""res32: Clinically Significant Alcohol Misuse"", ""Category"": ""diagnostic"", ""Coding System (Read)"": ""Read""}]"
E011z00,alcohol amnestic syndrome nos,Read codes v2,C1803,4744,Clinically Significant Alcohol Misuse - Primary Care,PH444,888,Clinically Significant Alcohol Misuse,"[{""Entity type"": ""res32: Clinically Significant Alcohol Misuse"", ""Category"": ""diagnostic"", ""Coding System (Read)"": ""Read""}]"
E012.00,other alcoholic dementia,Read codes v2,C1803,4744,Clinically Significant Alcohol Misuse - Primary Care,PH444,888,Clinically Significant Alcohol Misuse,"[{""Entity type"": ""res32: Clinically Significant Alcohol Misuse"", ""Category"": ""diagnostic"", ""Coding System (Read)"": ""Read""}]"
E012000,chronic alcoholic brain syndrome,Read codes v2,C1803,4744,Clinically Significant Alcohol Misuse - Primary Care,PH444,888,Clinically Significant Alcohol Misuse,"[{""Entity type"": ""res32: Clinically Significant Alcohol Misuse"", ""Category"": ""diagnostic"", ""Coding System (Read)"": ""Read""}]"
E012.11,alcoholic dementia nos,Read codes v2,C1803,4744,Clinically Significant Alcohol Misuse - Primary Care,PH444,888,Clinically Significant Alcohol Misuse,"[{""Entity type"": ""res32: Clinically Significant Alcohol Misuse"", ""Category"": ""diagnostic"", ""Coding System (Read)"": ""Read""}]"
E013.00,alcohol withdrawal hallucinosis,Read codes v2,C1803,4744,Clinically Significant Alcohol Misuse - Primary Care,PH444,888,Clinically Significant Alcohol Misuse,"[{""Entity type"": ""res32: Clinically Significant Alcohol Misuse"", ""Category"": ""diagnostic"", ""Coding System (Read)"": ""Read""}]"
E014.00,pathological alcohol intoxication,Read codes v2,C1803,4744,Clinically Significant Alcohol Misuse - Primary Care,PH444,888,Clinically Significant Alcohol Misuse,"[{""Entity type"": ""res32: Clinically Significant Alcohol Misuse"", ""Category"": ""diagnostic"", ""Coding System (Read)"": ""Read""}]"
E015.00,alcoholic paranoia,Read codes v2,C1803,4744,Clinically Significant Alcohol Misuse - Primary Care,PH444,888,Clinically Significant Alcohol Misuse,"[{""Entity type"": ""res32: Clinically Significant Alcohol Misuse"", ""Category"": ""diagnostic"", ""Coding System (Read)"": ""Read""}]"
E01y.00,other alcoholic psychosis,Read codes v2,C1803,4744,Clinically Significant Alcohol Misuse - Primary Care,PH444,888,Clinically Significant Alcohol Misuse,"[{""Entity type"": ""res32: Clinically Significant Alcohol Misuse"", ""Category"": ""diagnostic"", ""Coding System (Read)"": ""Read""}]"
E01y000,alcohol withdrawal syndrome,Read codes v2,C1803,4744,Clinically Significant Alcohol Misuse - Primary Care,PH444,888,Clinically Significant Alcohol Misuse,"[{""Entity type"": ""res32: Clinically Significant Alcohol Misuse"", ""Category"": ""diagnostic"", ""Coding System (Read)"": ""Read""}]"
E01yz00,other alcoholic psychosis nos,Read codes v2,C1803,4744,Clinically Significant Alcohol Misuse - Primary Care,PH444,888,Clinically Significant Alcohol Misuse,"[{""Entity type"": ""res32: Clinically Significant Alcohol Misuse"", ""Category"": ""diagnostic"", ""Coding System (Read)"": ""Read""}]"
E01z.00,alcoholic psychosis nos,Read codes v2,C1803,4744,Clinically Significant Alcohol Misuse - Primary Care,PH444,888,Clinically Significant Alcohol Misuse,"[{""Entity type"": ""res32: Clinically Significant Alcohol Misuse"", ""Category"": ""diagnostic"", ""Coding System (Read)"": ""Read""}]"
E23..00,alcohol dependence syndrome,Read codes v2,C1803,4744,Clinically Significant Alcohol Misuse - Primary Care,PH444,888,Clinically Significant Alcohol Misuse,"[{""Entity type"": ""res32: Clinically Significant Alcohol Misuse"", ""Category"": ""diagnostic"", ""Coding System (Read)"": ""Read""}]"
E230.00,acute alcoholic intoxication in alcoholism,Read codes v2,C1803,4744,Clinically Significant Alcohol Misuse - Primary Care,PH444,888,Clinically Significant Alcohol Misuse,"[{""Entity type"": ""res32: Clinically Significant Alcohol Misuse"", ""Category"": ""diagnostic"", ""Coding System (Read)"": ""Read""}]"
E230000,acute alcoholic intoxication; unspecified; in alcoholism,Read codes v2,C1803,4744,Clinically Significant Alcohol Misuse - Primary Care,PH444,888,Clinically Significant Alcohol Misuse,"[{""Entity type"": ""res32: Clinically Significant Alcohol Misuse"", ""Category"": ""diagnostic"", ""Coding System (Read)"": ""Read""}]"
E230100,continuous acute alcoholic intoxication in alcoholism,Read codes v2,C1803,4744,Clinically Significant Alcohol Misuse - Primary Care,PH444,888,Clinically Significant Alcohol Misuse,"[{""Entity type"": ""res32: Clinically Significant Alcohol Misuse"", ""Category"": ""diagnostic"", ""Coding System (Read)"": ""Read""}]"
E230.11,alcohol dependence with acute alcoholic intoxication,Read codes v2,C1803,4744,Clinically Significant Alcohol Misuse - Primary Care,PH444,888,Clinically Significant Alcohol Misuse,"[{""Entity type"": ""res32: Clinically Significant Alcohol Misuse"", ""Category"": ""diagnostic"", ""Coding System (Read)"": ""Read""}]"
E230200,episodic acute alcoholic intoxication in alcoholism,Read codes v2,C1803,4744,Clinically Significant Alcohol Misuse - Primary Care,PH444,888,Clinically Significant Alcohol Misuse,"[{""Entity type"": ""res32: Clinically Significant Alcohol Misuse"", ""Category"": ""diagnostic"", ""Coding System (Read)"": ""Read""}]"
E230300,acute alcoholic intoxication in remission; in alcoholism,Read codes v2,C1803,4744,Clinically Significant Alcohol Misuse - Primary Care,PH444,888,Clinically Significant Alcohol Misuse,"[{""Entity type"": ""res32: Clinically Significant Alcohol Misuse"", ""Category"": ""diagnostic"", ""Coding System (Read)"": ""Read""}]"
E230z00,acute alcoholic intoxication in alcoholism nos,Read codes v2,C1803,4744,Clinically Significant Alcohol Misuse - Primary Care,PH444,888,Clinically Significant Alcohol Misuse,"[{""Entity type"": ""res32: Clinically Significant Alcohol Misuse"", ""Category"": ""diagnostic"", ""Coding System (Read)"": ""Read""}]"
E231.00,chronic alcoholism,Read codes v2,C1803,4744,Clinically Significant Alcohol Misuse - Primary Care,PH444,888,Clinically Significant Alcohol Misuse,"[{""Entity type"": ""res32: Clinically Significant Alcohol Misuse"", ""Category"": ""diagnostic"", ""Coding System (Read)"": ""Read""}]"
E231000,unspecified chronic alcoholism,Read codes v2,C1803,4744,Clinically Significant Alcohol Misuse - Primary Care,PH444,888,Clinically Significant Alcohol Misuse,"[{""Entity type"": ""res32: Clinically Significant Alcohol Misuse"", ""Category"": ""diagnostic"", ""Coding System (Read)"": ""Read""}]"
E23..11,alcoholism,Read codes v2,C1803,4744,Clinically Significant Alcohol Misuse - Primary Care,PH444,888,Clinically Significant Alcohol Misuse,"[{""Entity type"": ""res32: Clinically Significant Alcohol Misuse"", ""Category"": ""diagnostic"", ""Coding System (Read)"": ""Read""}]"
E231100,continuous chronic alcoholism,Read codes v2,C1803,4744,Clinically Significant Alcohol Misuse - Primary Care,PH444,888,Clinically Significant Alcohol Misuse,"[{""Entity type"": ""res32: Clinically Significant Alcohol Misuse"", ""Category"": ""diagnostic"", ""Coding System (Read)"": ""Read""}]"
E231200,episodic chronic alcoholism,Read codes v2,C1803,4744,Clinically Significant Alcohol Misuse - Primary Care,PH444,888,Clinically Significant Alcohol Misuse,"[{""Entity type"": ""res32: Clinically Significant Alcohol Misuse"", ""Category"": ""diagnostic"", ""Coding System (Read)"": ""Read""}]"
E231300,chronic alcoholism in remission,Read codes v2,C1803,4744,Clinically Significant Alcohol Misuse - Primary Care,PH444,888,Clinically Significant Alcohol Misuse,"[{""Entity type"": ""res32: Clinically Significant Alcohol Misuse"", ""Category"": ""diagnostic"", ""Coding System (Read)"": ""Read""}]"
E231z00,chronic alcoholism nos,Read codes v2,C1803,4744,Clinically Significant Alcohol Misuse - Primary Care,PH444,888,Clinically Significant Alcohol Misuse,"[{""Entity type"": ""res32: Clinically Significant Alcohol Misuse"", ""Category"": ""diagnostic"", ""Coding System (Read)"": ""Read""}]"
E23z.00,alcohol dependence syndrome nos,Read codes v2,C1803,4744,Clinically Significant Alcohol Misuse - Primary Care,PH444,888,Clinically Significant Alcohol Misuse,"[{""Entity type"": ""res32: Clinically Significant Alcohol Misuse"", ""Category"": ""diagnostic"", ""Coding System (Read)"": ""Read""}]"
E250300,nondependent alcohol abuse in remission,Read codes v2,C1803,4744,Clinically Significant Alcohol Misuse - Primary Care,PH444,888,Clinically Significant Alcohol Misuse,"[{""Entity type"": ""res32: Clinically Significant Alcohol Misuse"", ""Category"": ""diagnostic"", ""Coding System (Read)"": ""Read""}]"
Eu10.00,[x]mental and behavioural disorders due to use of alcohol,Read codes v2,C1803,4744,Clinically Significant Alcohol Misuse - Primary Care,PH444,888,Clinically Significant Alcohol Misuse,"[{""Entity type"": ""res32: Clinically Significant Alcohol Misuse"", ""Category"": ""diagnostic"", ""Coding System (Read)"": ""Read""}]"
Eu10100,[x]mental and behav dis due to use of alcohol: harmful use,Read codes v2,C1803,4744,Clinically Significant Alcohol Misuse - Primary Care,PH444,888,Clinically Significant Alcohol Misuse,"[{""Entity type"": ""res32: Clinically Significant Alcohol Misuse"", ""Category"": ""diagnostic"", ""Coding System (Read)"": ""Read""}]"
Eu10200,[x]mental and behav dis due to use alcohol: dependence syndr,Read codes v2,C1803,4744,Clinically Significant Alcohol Misuse - Primary Care,PH444,888,Clinically Significant Alcohol Misuse,"[{""Entity type"": ""res32: Clinically Significant Alcohol Misuse"", ""Category"": ""diagnostic"", ""Coding System (Read)"": ""Read""}]"
Eu10211,[x]alcohol addiction,Read codes v2,C1803,4744,Clinically Significant Alcohol Misuse - Primary Care,PH444,888,Clinically Significant Alcohol Misuse,"[{""Entity type"": ""res32: Clinically Significant Alcohol Misuse"", ""Category"": ""diagnostic"", ""Coding System (Read)"": ""Read""}]"
Eu10212,[x]chronic alcoholism,Read codes v2,C1803,4744,Clinically Significant Alcohol Misuse - Primary Care,PH444,888,Clinically Significant Alcohol Misuse,"[{""Entity type"": ""res32: Clinically Significant Alcohol Misuse"", ""Category"": ""diagnostic"", ""Coding System (Read)"": ""Read""}]"
Eu10300,[x]mental and behav dis due to use alcohol: withdrawal state,Read codes v2,C1803,4744,Clinically Significant Alcohol Misuse - Primary Care,PH444,888,Clinically Significant Alcohol Misuse,"[{""Entity type"": ""res32: Clinically Significant Alcohol Misuse"", ""Category"": ""diagnostic"", ""Coding System (Read)"": ""Read""}]"
Eu10400,[X]Men & behav dis due alcohl: withdrawl state with delirium,Read codes v2,C1803,4744,Clinically Significant Alcohol Misuse - Primary Care,PH444,888,Clinically Significant Alcohol Misuse,"[{""Entity type"": ""res32: Clinically Significant Alcohol Misuse"", ""Category"": ""diagnostic"", ""Coding System (Read)"": ""Read""}]"
Eu10411,[x]delirium tremens; alcohol induced,Read codes v2,C1803,4744,Clinically Significant Alcohol Misuse - Primary Care,PH444,888,Clinically Significant Alcohol Misuse,"[{""Entity type"": ""res32: Clinically Significant Alcohol Misuse"", ""Category"": ""diagnostic"", ""Coding System (Read)"": ""Read""}]"
Eu10500,[x]mental & behav dis due to use alcohol: psychotic disorder,Read codes v2,C1803,4744,Clinically Significant Alcohol Misuse - Primary Care,PH444,888,Clinically Significant Alcohol Misuse,"[{""Entity type"": ""res32: Clinically Significant Alcohol Misuse"", ""Category"": ""diagnostic"", ""Coding System (Read)"": ""Read""}]"
Eu10511,[x]alcoholic hallucinosis,Read codes v2,C1803,4744,Clinically Significant Alcohol Misuse - Primary Care,PH444,888,Clinically Significant Alcohol Misuse,"[{""Entity type"": ""res32: Clinically Significant Alcohol Misuse"", ""Category"": ""diagnostic"", ""Coding System (Read)"": ""Read""}]"
Eu10512,[x]alcoholic jealousy,Read codes v2,C1803,4744,Clinically Significant Alcohol Misuse - Primary Care,PH444,888,Clinically Significant Alcohol Misuse,"[{""Entity type"": ""res32: Clinically Significant Alcohol Misuse"", ""Category"": ""diagnostic"", ""Coding System (Read)"": ""Read""}]"
Eu10513,[x]alcoholic paranoia,Read codes v2,C1803,4744,Clinically Significant Alcohol Misuse - Primary Care,PH444,888,Clinically Significant Alcohol Misuse,"[{""Entity type"": ""res32: Clinically Significant Alcohol Misuse"", ""Category"": ""diagnostic"", ""Coding System (Read)"": ""Read""}]"
Eu10514,[x]alcoholic psychosis nos,Read codes v2,C1803,4744,Clinically Significant Alcohol Misuse - Primary Care,PH444,888,Clinically Significant Alcohol Misuse,"[{""Entity type"": ""res32: Clinically Significant Alcohol Misuse"", ""Category"": ""diagnostic"", ""Coding System (Read)"": ""Read""}]"
Eu10600,[x]mental and behav dis due to use alcohol: amnesic syndrome,Read codes v2,C1803,4744,Clinically Significant Alcohol Misuse - Primary Care,PH444,888,Clinically Significant Alcohol Misuse,"[{""Entity type"": ""res32: Clinically Significant Alcohol Misuse"", ""Category"": ""diagnostic"", ""Coding System (Read)"": ""Read""}]"
Eu10611,[x]korsakov's psychosis; alcohol induced,Read codes v2,C1803,4744,Clinically Significant Alcohol Misuse - Primary Care,PH444,888,Clinically Significant Alcohol Misuse,"[{""Entity type"": ""res32: Clinically Significant Alcohol Misuse"", ""Category"": ""diagnostic"", ""Coding System (Read)"": ""Read""}]"
Eu10700,[X]Men & behav dis due alcoh: resid & late-onset psychot dis,Read codes v2,C1803,4744,Clinically Significant Alcohol Misuse - Primary Care,PH444,888,Clinically Significant Alcohol Misuse,"[{""Entity type"": ""res32: Clinically Significant Alcohol Misuse"", ""Category"": ""diagnostic"", ""Coding System (Read)"": ""Read""}]"
Eu10711,[x]alcoholic dementia nos,Read codes v2,C1803,4744,Clinically Significant Alcohol Misuse - Primary Care,PH444,888,Clinically Significant Alcohol Misuse,"[{""Entity type"": ""res32: Clinically Significant Alcohol Misuse"", ""Category"": ""diagnostic"", ""Coding System (Read)"": ""Read""}]"
Eu10712,[x]chronic alcoholic brain syndrome,Read codes v2,C1803,4744,Clinically Significant Alcohol Misuse - Primary Care,PH444,888,Clinically Significant Alcohol Misuse,"[{""Entity type"": ""res32: Clinically Significant Alcohol Misuse"", ""Category"": ""diagnostic"", ""Coding System (Read)"": ""Read""}]"
Eu10800,[x]alcohol withdrawal-induced seizure,Read codes v2,C1803,4744,Clinically Significant Alcohol Misuse - Primary Care,PH444,888,Clinically Significant Alcohol Misuse,"[{""Entity type"": ""res32: Clinically Significant Alcohol Misuse"", ""Category"": ""diagnostic"", ""Coding System (Read)"": ""Read""}]"
Eu10y00,[x]men & behav dis due to use alcohol: oth men & behav dis,Read codes v2,C1803,4744,Clinically Significant Alcohol Misuse - Primary Care,PH444,888,Clinically Significant Alcohol Misuse,"[{""Entity type"": ""res32: Clinically Significant Alcohol Misuse"", ""Category"": ""diagnostic"", ""Coding System (Read)"": ""Read""}]"
Eu10z00,[x]ment & behav dis due use alcohol: unsp ment & behav dis,Read codes v2,C1803,4744,Clinically Significant Alcohol Misuse - Primary Care,PH444,888,Clinically Significant Alcohol Misuse,"[{""Entity type"": ""res32: Clinically Significant Alcohol Misuse"", ""Category"": ""diagnostic"", ""Coding System (Read)"": ""Read""}]"
F11x000,cerebral degeneration due to alcoholism,Read codes v2,C1803,4744,Clinically Significant Alcohol Misuse - Primary Care,PH444,888,Clinically Significant Alcohol Misuse,"[{""Entity type"": ""res32: Clinically Significant Alcohol Misuse"", ""Category"": ""diagnostic"", ""Coding System (Read)"": ""Read""}]"
F11x011,alcoholic encephalopathy,Read codes v2,C1803,4744,Clinically Significant Alcohol Misuse - Primary Care,PH444,888,Clinically Significant Alcohol Misuse,"[{""Entity type"": ""res32: Clinically Significant Alcohol Misuse"", ""Category"": ""diagnostic"", ""Coding System (Read)"": ""Read""}]"
F144000,cerebellar ataxia due to alcoholism,Read codes v2,C1803,4744,Clinically Significant Alcohol Misuse - Primary Care,PH444,888,Clinically Significant Alcohol Misuse,"[{""Entity type"": ""res32: Clinically Significant Alcohol Misuse"", ""Category"": ""diagnostic"", ""Coding System (Read)"": ""Read""}]"
F25B.00,alcohol-induced epilepsy,Read codes v2,C1803,4744,Clinically Significant Alcohol Misuse - Primary Care,PH444,888,Clinically Significant Alcohol Misuse,"[{""Entity type"": ""res32: Clinically Significant Alcohol Misuse"", ""Category"": ""diagnostic"", ""Coding System (Read)"": ""Read""}]"
F375.00,alcoholic polyneuropathy,Read codes v2,C1803,4744,Clinically Significant Alcohol Misuse - Primary Care,PH444,888,Clinically Significant Alcohol Misuse,"[{""Entity type"": ""res32: Clinically Significant Alcohol Misuse"", ""Category"": ""diagnostic"", ""Coding System (Read)"": ""Read""}]"
F394100,alcoholic myopathy,Read codes v2,C1803,4744,Clinically Significant Alcohol Misuse - Primary Care,PH444,888,Clinically Significant Alcohol Misuse,"[{""Entity type"": ""res32: Clinically Significant Alcohol Misuse"", ""Category"": ""diagnostic"", ""Coding System (Read)"": ""Read""}]"
G555.00,alcoholic cardiomyopathy,Read codes v2,C1803,4744,Clinically Significant Alcohol Misuse - Primary Care,PH444,888,Clinically Significant Alcohol Misuse,"[{""Entity type"": ""res32: Clinically Significant Alcohol Misuse"", ""Category"": ""diagnostic"", ""Coding System (Read)"": ""Read""}]"
G852300,oesophageal varices in alcoholic cirrhosis of the liver,Read codes v2,C1803,4744,Clinically Significant Alcohol Misuse - Primary Care,PH444,888,Clinically Significant Alcohol Misuse,"[{""Entity type"": ""res32: Clinically Significant Alcohol Misuse"", ""Category"": ""diagnostic"", ""Coding System (Read)"": ""Read""}]"
J610.00,alcoholic fatty liver,Read codes v2,C1803,4744,Clinically Significant Alcohol Misuse - Primary Care,PH444,888,Clinically Significant Alcohol Misuse,"[{""Entity type"": ""res32: Clinically Significant Alcohol Misuse"", ""Category"": ""diagnostic"", ""Coding System (Read)"": ""Read""}]"
J611.00,acute alcoholic hepatitis,Read codes v2,C1803,4744,Clinically Significant Alcohol Misuse - Primary Care,PH444,888,Clinically Significant Alcohol Misuse,"[{""Entity type"": ""res32: Clinically Significant Alcohol Misuse"", ""Category"": ""diagnostic"", ""Coding System (Read)"": ""Read""}]"
J612.00,alcoholic cirrhosis of liver,Read codes v2,C1803,4744,Clinically Significant Alcohol Misuse - Primary Care,PH444,888,Clinically Significant Alcohol Misuse,"[{""Entity type"": ""res32: Clinically Significant Alcohol Misuse"", ""Category"": ""diagnostic"", ""Coding System (Read)"": ""Read""}]"
J612000,alcoholic fibrosis and sclerosis of liver,Read codes v2,C1803,4744,Clinically Significant Alcohol Misuse - Primary Care,PH444,888,Clinically Significant Alcohol Misuse,"[{""Entity type"": ""res32: Clinically Significant Alcohol Misuse"", ""Category"": ""diagnostic"", ""Coding System (Read)"": ""Read""}]"
J613.00,alcoholic liver damage unspecified,Read codes v2,C1803,4744,Clinically Significant Alcohol Misuse - Primary Care,PH444,888,Clinically Significant Alcohol Misuse,"[{""Entity type"": ""res32: Clinically Significant Alcohol Misuse"", ""Category"": ""diagnostic"", ""Coding System (Read)"": ""Read""}]"
J613000,alcoholic hepatic failure,Read codes v2,C1803,4744,Clinically Significant Alcohol Misuse - Primary Care,PH444,888,Clinically Significant Alcohol Misuse,"[{""Entity type"": ""res32: Clinically Significant Alcohol Misuse"", ""Category"": ""diagnostic"", ""Coding System (Read)"": ""Read""}]"
J617.00,alcoholic hepatitis,Read codes v2,C1803,4744,Clinically Significant Alcohol Misuse - Primary Care,PH444,888,Clinically Significant Alcohol Misuse,"[{""Entity type"": ""res32: Clinically Significant Alcohol Misuse"", ""Category"": ""diagnostic"", ""Coding System (Read)"": ""Read""}]"
J617000,chronic alcoholic hepatitis,Read codes v2,C1803,4744,Clinically Significant Alcohol Misuse - Primary Care,PH444,888,Clinically Significant Alcohol Misuse,"[{""Entity type"": ""res32: Clinically Significant Alcohol Misuse"", ""Category"": ""diagnostic"", ""Coding System (Read)"": ""Read""}]"
J671000,alcohol-induced chronic pancreatitis,Read codes v2,C1803,4744,Clinically Significant Alcohol Misuse - Primary Care,PH444,888,Clinically Significant Alcohol Misuse,"[{""Entity type"": ""res32: Clinically Significant Alcohol Misuse"", ""Category"": ""diagnostic"", ""Coding System (Read)"": ""Read""}]"
SLH3.00,alcohol deterrent poisoning,Read codes v2,C1803,4744,Clinically Significant Alcohol Misuse - Primary Care,PH444,888,Clinically Significant Alcohol Misuse,"[{""Entity type"": ""res32: Clinically Significant Alcohol Misuse"", ""Category"": ""diagnostic"", ""Coding System (Read)"": ""Read""}]"
SM00100,denatured alcohol causing toxic effect,Read codes v2,C1803,4744,Clinically Significant Alcohol Misuse - Primary Care,PH444,888,Clinically Significant Alcohol Misuse,"[{""Entity type"": ""res32: Clinically Significant Alcohol Misuse"", ""Category"": ""diagnostic"", ""Coding System (Read)"": ""Read""}]"
U60H300,[x]alcohol deterrents caus adverse effects in therapeut use,Read codes v2,C1803,4744,Clinically Significant Alcohol Misuse - Primary Care,PH444,888,Clinically Significant Alcohol Misuse,"[{""Entity type"": ""res32: Clinically Significant Alcohol Misuse"", ""Category"": ""diagnostic"", ""Coding System (Read)"": ""Read""}]"
U60H311,[x] adverse reaction to alcohol deterrents,Read codes v2,C1803,4744,Clinically Significant Alcohol Misuse - Primary Care,PH444,888,Clinically Significant Alcohol Misuse,"[{""Entity type"": ""res32: Clinically Significant Alcohol Misuse"", ""Category"": ""diagnostic"", ""Coding System (Read)"": ""Read""}]"
Z191.00,alcohol detoxification,Read codes v2,C1803,4744,Clinically Significant Alcohol Misuse - Primary Care,PH444,888,Clinically Significant Alcohol Misuse,"[{""Entity type"": ""res32: Clinically Significant Alcohol Misuse"", ""Category"": ""diagnostic"", ""Coding System (Read)"": ""Read""}]"
Z191100,alcohol withdrawal regime,Read codes v2,C1803,4744,Clinically Significant Alcohol Misuse - Primary Care,PH444,888,Clinically Significant Alcohol Misuse,"[{""Entity type"": ""res32: Clinically Significant Alcohol Misuse"", ""Category"": ""diagnostic"", ""Coding System (Read)"": ""Read""}]"
Z191211,alcohol reduction programme,Read codes v2,C1803,4744,Clinically Significant Alcohol Misuse - Primary Care,PH444,888,Clinically Significant Alcohol Misuse,"[{""Entity type"": ""res32: Clinically Significant Alcohol Misuse"", ""Category"": ""diagnostic"", ""Coding System (Read)"": ""Read""}]"
ZR1E.11,ads - alcohol dependence scale,Read codes v2,C1803,4744,Clinically Significant Alcohol Misuse - Primary Care,PH444,888,Clinically Significant Alcohol Misuse,"[{""Entity type"": ""res32: Clinically Significant Alcohol Misuse"", ""Category"": ""diagnostic"", ""Coding System (Read)"": ""Read""}]"
ZV11300,[v]personal history of alcoholism,Read codes v2,C1803,4744,Clinically Significant Alcohol Misuse - Primary Care,PH444,888,Clinically Significant Alcohol Misuse,"[{""Entity type"": ""res32: Clinically Significant Alcohol Misuse"", ""Category"": ""diagnostic"", ""Coding System (Read)"": ""Read""}]"
